timestamp,mode,style,decision_stage,action,reason,signal_score,funding_zscore,obi,vpin,spread_bps,microprice_pressure,micro_signal,micro_confidence,large_trade_boost,large_trade_direction,large_trade_net_qty,entry_reason,price,rsi_14,stoch_k,stoch_d,ma_20,boll_upper,boll_lower,market_regime,is_consolidating,momentum_pct,volatility_pct,trend_strength,range_position,ma_distance,volume_ratio
2025-11-30T12:51:16.998746,M_FISH_MARKET_MAKER,reversion,Müêü Dead Market Grid waiting for range info,HOLD,Müêü Dead Market Grid waiting for range info,1.912854706155993,4.782136765389983,0.9564273530779965,0.3,0.0110108936266491,5.489376915801359e-07,,,False,,0.0,,90819.15,50.0,50.0,50.0,90819.15,90819.15,90819.15,CONSOLIDATION,True,0.0,0.0,3.2045918131510497e-16,,0.0,1.0
2025-11-30T12:51:16.999092,MUP_DIRECTIONAL_LONG,direction_probe_long,Mup Bias Probe auto-long,LONG,Mup Bias Probe auto-long,1.912854706155993,4.782136765389983,0.9564273530779965,0.3,0.0110108936266491,5.489376915801359e-07,,,False,,0.0,DIRECTION_PROBE,90819.15,50.0,50.0,50.0,90819.15,90819.15,90819.15,CONSOLIDATION,True,0.0,0.0,3.2045918131510497e-16,,0.0,1.0
2025-11-30T12:51:16.999718,MDOWN_DIRECTIONAL_SHORT,direction_probe_short,Mdown Bias Probe auto-short,SHORT,Mdown Bias Probe auto-short,1.912854706155993,4.782136765389983,0.9564273530779965,0.3,0.0110108936266491,5.489376915801359e-07,,,False,,0.0,DIRECTION_PROBE,90819.15,50.0,50.0,50.0,90819.15,90819.15,90819.15,CONSOLIDATION,True,0.0,0.0,3.2045918131510497e-16,,0.0,1.0
2025-11-30T12:51:17.000053,M_AI_WHALE_HUNTER,ai_whale_hunter,M_AI_WHALE_HUNTER HOLD,HOLD,M_AI_WHALE_HUNTER HOLD,1.912854706155993,4.782136765389983,0.9564273530779965,0.3,0.0110108936266491,5.489376915801359e-07,,,False,,0.0,,90819.15,50.0,50.0,50.0,90819.15,90819.15,90819.15,CONSOLIDATION,True,0.0,0.0,3.2045918131510497e-16,,0.0,1.0
2025-11-30T12:51:17.000214,M_INVERSE_WOLF,ai_whale_hunter,M_INVERSE_WOLF HOLD,HOLD,M_INVERSE_WOLF HOLD,1.912854706155993,4.782136765389983,0.9564273530779965,0.3,0.0110108936266491,5.489376915801359e-07,,,False,,0.0,,90819.15,50.0,50.0,50.0,90819.15,90819.15,90819.15,CONSOLIDATION,True,0.0,0.0,3.2045918131510497e-16,,0.0,1.0
2025-11-30T12:51:22.014033,M_FISH_MARKET_MAKER,reversion,Müêü Dead Market Grid waiting for range info,HOLD,Müêü Dead Market Grid waiting for range info,0.8528518393520079,2.1321295983800197,0.42642591967600396,0.3,0.0110108936266491,2.2746016981977027e-07,,,False,,0.0,,90819.15,50.0,50.0,50.0,90819.15,90819.15,90819.15,CONSOLIDATION,True,0.0,0.0,3.2045918131510497e-16,,0.0,0.0
2025-11-30T12:51:22.014757,MUP_DIRECTIONAL_LONG,direction_probe_long,Direction probe already holding position,HOLD,Direction probe already holding position,0.8528518393520079,2.1321295983800197,0.42642591967600396,0.3,0.0110108936266491,2.2746016981977027e-07,,,False,,0.0,,90819.15,50.0,50.0,50.0,90819.15,90819.15,90819.15,CONSOLIDATION,True,0.0,0.0,3.2045918131510497e-16,,0.0,0.0
2025-11-30T12:51:22.015534,MDOWN_DIRECTIONAL_SHORT,direction_probe_short,Direction probe already holding position,HOLD,Direction probe already holding position,0.8528518393520079,2.1321295983800197,0.42642591967600396,0.3,0.0110108936266491,2.2746016981977027e-07,,,False,,0.0,,90819.15,50.0,50.0,50.0,90819.15,90819.15,90819.15,CONSOLIDATION,True,0.0,0.0,3.2045918131510497e-16,,0.0,0.0
2025-11-30T12:51:22.016022,M_AI_WHALE_HUNTER,ai_whale_hunter,M_AI_WHALE_HUNTER HOLD,HOLD,M_AI_WHALE_HUNTER HOLD,0.8528518393520079,2.1321295983800197,0.42642591967600396,0.3,0.0110108936266491,2.2746016981977027e-07,,,False,,0.0,,90819.15,50.0,50.0,50.0,90819.15,90819.15,90819.15,CONSOLIDATION,True,0.0,0.0,3.2045918131510497e-16,,0.0,0.0
2025-11-30T12:51:22.016312,M_INVERSE_WOLF,ai_whale_hunter,M_INVERSE_WOLF HOLD,HOLD,M_INVERSE_WOLF HOLD,0.8528518393520079,2.1321295983800197,0.42642591967600396,0.3,0.0110108936266491,2.2746016981977027e-07,,,False,,0.0,,90819.15,50.0,50.0,50.0,90819.15,90819.15,90819.15,CONSOLIDATION,True,0.0,0.0,3.2045918131510497e-16,,0.0,0.0
2025-11-30T12:51:27.032378,M_FISH_MARKET_MAKER,reversion,Müêü Dead Market Grid waiting for range info,HOLD,Müêü Dead Market Grid waiting for range info,1.0706532089125884,2.676633022281471,0.5353266044562942,0.3,0.0110108936266491,2.8176505257900034e-07,,,False,,0.0,,90819.15,50.0,50.0,50.0,90819.15,90819.15,90819.15,CONSOLIDATION,True,0.0,0.0,3.2045918131510497e-16,,0.0,0.0
2025-11-30T12:51:27.033157,MUP_DIRECTIONAL_LONG,direction_probe_long,Direction probe already holding position,HOLD,Direction probe already holding position,1.0706532089125884,2.676633022281471,0.5353266044562942,0.3,0.0110108936266491,2.8176505257900034e-07,,,False,,0.0,,90819.15,50.0,50.0,50.0,90819.15,90819.15,90819.15,CONSOLIDATION,True,0.0,0.0,3.2045918131510497e-16,,0.0,0.0
2025-11-30T12:51:27.033793,MDOWN_DIRECTIONAL_SHORT,direction_probe_short,Direction probe already holding position,HOLD,Direction probe already holding position,1.0706532089125884,2.676633022281471,0.5353266044562942,0.3,0.0110108936266491,2.8176505257900034e-07,,,False,,0.0,,90819.15,50.0,50.0,50.0,90819.15,90819.15,90819.15,CONSOLIDATION,True,0.0,0.0,3.2045918131510497e-16,,0.0,0.0
2025-11-30T12:51:27.034206,M_AI_WHALE_HUNTER,ai_whale_hunter,M_AI_WHALE_HUNTER Error: unsupported operand type(s) for +: 'int' and 'NoneType',HOLD,M_AI_WHALE_HUNTER Error: unsupported operand type(s) for +: 'int' and 'NoneType',1.0706532089125884,2.676633022281471,0.5353266044562942,0.3,0.0110108936266491,2.8176505257900034e-07,,,False,,0.0,,90819.15,50.0,50.0,50.0,90819.15,90819.15,90819.15,CONSOLIDATION,True,0.0,0.0,3.2045918131510497e-16,,0.0,0.0
2025-11-30T12:51:27.034466,M_INVERSE_WOLF,ai_whale_hunter,M_INVERSE_WOLF Error: unsupported operand type(s) for +: 'int' and 'NoneType',HOLD,M_INVERSE_WOLF Error: unsupported operand type(s) for +: 'int' and 'NoneType',1.0706532089125884,2.676633022281471,0.5353266044562942,0.3,0.0110108936266491,2.8176505257900034e-07,,,False,,0.0,,90819.15,50.0,50.0,50.0,90819.15,90819.15,90819.15,CONSOLIDATION,True,0.0,0.0,3.2045918131510497e-16,,0.0,0.0
2025-11-30T12:51:32.039598,M_FISH_MARKET_MAKER,reversion,Müêü Dead Market Grid waiting for range info,HOLD,Müêü Dead Market Grid waiting for range info,0.3947815208649809,0.9869538021624523,0.19739076043249046,0.3,0.0110108936266491,1.38864161884405e-07,,,False,,0.0,,90819.15,50.0,50.0,50.0,90819.15,90819.15,90819.15,CONSOLIDATION,True,0.0,0.0,3.2045918131510497e-16,,0.0,0.0
2025-11-30T12:51:32.039850,MUP_DIRECTIONAL_LONG,direction_probe_long,Direction probe already holding position,HOLD,Direction probe already holding position,0.3947815208649809,0.9869538021624523,0.19739076043249046,0.3,0.0110108936266491,1.38864161884405e-07,,,False,,0.0,,90819.15,50.0,50.0,50.0,90819.15,90819.15,90819.15,CONSOLIDATION,True,0.0,0.0,3.2045918131510497e-16,,0.0,0.0
2025-11-30T12:51:32.040297,MDOWN_DIRECTIONAL_SHORT,direction_probe_short,Direction probe already holding position,HOLD,Direction probe already holding position,0.3947815208649809,0.9869538021624523,0.19739076043249046,0.3,0.0110108936266491,1.38864161884405e-07,,,False,,0.0,,90819.15,50.0,50.0,50.0,90819.15,90819.15,90819.15,CONSOLIDATION,True,0.0,0.0,3.2045918131510497e-16,,0.0,0.0
2025-11-30T12:51:32.040466,M_AI_WHALE_HUNTER,ai_whale_hunter,M_AI_WHALE_HUNTER Error: unsupported operand type(s) for +: 'int' and 'NoneType',HOLD,M_AI_WHALE_HUNTER Error: unsupported operand type(s) for +: 'int' and 'NoneType',0.3947815208649809,0.9869538021624523,0.19739076043249046,0.3,0.0110108936266491,1.38864161884405e-07,,,False,,0.0,,90819.15,50.0,50.0,50.0,90819.15,90819.15,90819.15,CONSOLIDATION,True,0.0,0.0,3.2045918131510497e-16,,0.0,0.0
2025-11-30T12:51:32.040583,M_INVERSE_WOLF,ai_whale_hunter,M_INVERSE_WOLF Error: unsupported operand type(s) for +: 'int' and 'NoneType',HOLD,M_INVERSE_WOLF Error: unsupported operand type(s) for +: 'int' and 'NoneType',0.3947815208649809,0.9869538021624523,0.19739076043249046,0.3,0.0110108936266491,1.38864161884405e-07,,,False,,0.0,,90819.15,50.0,50.0,50.0,90819.15,90819.15,90819.15,CONSOLIDATION,True,0.0,0.0,3.2045918131510497e-16,,0.0,0.0
2025-11-30T12:51:37.058186,M_FISH_MARKET_MAKER,reversion,Müêü Dead Market Grid waiting for range info,HOLD,Müêü Dead Market Grid waiting for range info,0.23899613899613892,-0.5974903474903472,-0.11949806949806946,0.3,0.0110108936266491,-7.701302236326135e-08,,,False,,0.0,,90819.15,50.0,50.0,50.0,90819.15,90819.15,90819.15,CONSOLIDATION,True,0.0,0.0,3.2045918131510497e-16,,0.0,0.0
2025-11-30T12:51:37.059045,MUP_DIRECTIONAL_LONG,direction_probe_long,Direction probe already holding position,HOLD,Direction probe already holding position,0.23899613899613892,-0.5974903474903472,-0.11949806949806946,0.3,0.0110108936266491,-7.701302236326135e-08,,,False,,0.0,,90819.15,50.0,50.0,50.0,90819.15,90819.15,90819.15,CONSOLIDATION,True,0.0,0.0,3.2045918131510497e-16,,0.0,0.0
2025-11-30T12:51:37.059714,MDOWN_DIRECTIONAL_SHORT,direction_probe_short,Direction probe already holding position,HOLD,Direction probe already holding position,0.23899613899613892,-0.5974903474903472,-0.11949806949806946,0.3,0.0110108936266491,-7.701302236326135e-08,,,False,,0.0,,90819.15,50.0,50.0,50.0,90819.15,90819.15,90819.15,CONSOLIDATION,True,0.0,0.0,3.2045918131510497e-16,,0.0,0.0
2025-11-30T12:51:37.060179,M_AI_WHALE_HUNTER,ai_whale_hunter,M_AI_WHALE_HUNTER Error: unsupported operand type(s) for +: 'int' and 'NoneType',HOLD,M_AI_WHALE_HUNTER Error: unsupported operand type(s) for +: 'int' and 'NoneType',0.23899613899613892,-0.5974903474903472,-0.11949806949806946,0.3,0.0110108936266491,-7.701302236326135e-08,,,False,,0.0,,90819.15,50.0,50.0,50.0,90819.15,90819.15,90819.15,CONSOLIDATION,True,0.0,0.0,3.2045918131510497e-16,,0.0,0.0
2025-11-30T12:51:37.060453,M_INVERSE_WOLF,ai_whale_hunter,M_INVERSE_WOLF Error: unsupported operand type(s) for +: 'int' and 'NoneType',HOLD,M_INVERSE_WOLF Error: unsupported operand type(s) for +: 'int' and 'NoneType',0.23899613899613892,-0.5974903474903472,-0.11949806949806946,0.3,0.0110108936266491,-7.701302236326135e-08,,,False,,0.0,,90819.15,50.0,50.0,50.0,90819.15,90819.15,90819.15,CONSOLIDATION,True,0.0,0.0,3.2045918131510497e-16,,0.0,0.0
2025-11-30T12:51:42.075850,M_FISH_MARKET_MAKER,reversion,Müêü Dead Market Grid waiting for range info,HOLD,Müêü Dead Market Grid waiting for range info,1.9365143961745852,-4.841285990436463,-0.9682571980872926,0.3,0.01101135435708488,-5.399178969954584e-07,,,False,,0.0,,90815.35,50.0,50.0,50.0,90815.35,90815.35,90815.35,CONSOLIDATION,True,-0.004184139578479163,3.388979254308712e-05,-3.2047259033559517e-16,,0.0,1.0
2025-11-30T12:51:42.076568,MUP_DIRECTIONAL_LONG,direction_probe_long,Direction probe already holding position,HOLD,Direction probe already holding position,1.9365143961745852,-4.841285990436463,-0.9682571980872926,0.3,0.01101135435708488,-5.399178969954584e-07,,,False,,0.0,,90815.35,50.0,50.0,50.0,90815.35,90815.35,90815.35,CONSOLIDATION,True,-0.004184139578479163,3.388979254308712e-05,-3.2047259033559517e-16,,0.0,1.0
2025-11-30T12:51:42.077449,MDOWN_DIRECTIONAL_SHORT,direction_probe_short,Direction probe already holding position,HOLD,Direction probe already holding position,1.9365143961745852,-4.841285990436463,-0.9682571980872926,0.3,0.01101135435708488,-5.399178969954584e-07,,,False,,0.0,,90815.35,50.0,50.0,50.0,90815.35,90815.35,90815.35,CONSOLIDATION,True,-0.004184139578479163,3.388979254308712e-05,-3.2047259033559517e-16,,0.0,1.0
2025-11-30T12:51:42.077859,M_AI_WHALE_HUNTER,ai_whale_hunter,M_AI_WHALE_HUNTER Error: unsupported operand type(s) for +: 'int' and 'NoneType',HOLD,M_AI_WHALE_HUNTER Error: unsupported operand type(s) for +: 'int' and 'NoneType',1.9365143961745852,-4.841285990436463,-0.9682571980872926,0.3,0.01101135435708488,-5.399178969954584e-07,,,False,,0.0,,90815.35,50.0,50.0,50.0,90815.35,90815.35,90815.35,CONSOLIDATION,True,-0.004184139578479163,3.388979254308712e-05,-3.2047259033559517e-16,,0.0,1.0
2025-11-30T12:51:42.078118,M_INVERSE_WOLF,ai_whale_hunter,M_INVERSE_WOLF Error: unsupported operand type(s) for +: 'int' and 'NoneType',HOLD,M_INVERSE_WOLF Error: unsupported operand type(s) for +: 'int' and 'NoneType',1.9365143961745852,-4.841285990436463,-0.9682571980872926,0.3,0.01101135435708488,-5.399178969954584e-07,,,False,,0.0,,90815.35,50.0,50.0,50.0,90815.35,90815.35,90815.35,CONSOLIDATION,True,-0.004184139578479163,3.388979254308712e-05,-3.2047259033559517e-16,,0.0,1.0
2025-11-30T12:51:47.091115,M_FISH_MARKET_MAKER,reversion,Müêü Dead Market Grid waiting for range info,HOLD,Müêü Dead Market Grid waiting for range info,1.7041856430275426,-4.260464107568857,-0.8520928215137713,0.3,0.011012312316425665,-5.307666808263108e-07,,,False,,0.0,,90807.45,50.0,50.0,50.0,90807.45,90807.45,90807.45,CONSOLIDATION,True,-0.012882745544301053,9.469701593404093e-05,-4.807507058627959e-16,,0.0,1.0
2025-11-30T12:51:47.091690,MUP_DIRECTIONAL_LONG,direction_probe_long,Direction probe already holding position,HOLD,Direction probe already holding position,1.7041856430275426,-4.260464107568857,-0.8520928215137713,0.3,0.011012312316425665,-5.307666808263108e-07,,,False,,0.0,,90807.45,50.0,50.0,50.0,90807.45,90807.45,90807.45,CONSOLIDATION,True,-0.012882745544301053,9.469701593404093e-05,-4.807507058627959e-16,,0.0,1.0
2025-11-30T12:51:47.092468,MDOWN_DIRECTIONAL_SHORT,direction_probe_short,Direction probe already holding position,HOLD,Direction probe already holding position,1.7041856430275426,-4.260464107568857,-0.8520928215137713,0.3,0.011012312316425665,-5.307666808263108e-07,,,False,,0.0,,90807.45,50.0,50.0,50.0,90807.45,90807.45,90807.45,CONSOLIDATION,True,-0.012882745544301053,9.469701593404093e-05,-4.807507058627959e-16,,0.0,1.0
2025-11-30T12:51:47.092851,M_AI_WHALE_HUNTER,ai_whale_hunter,M_AI_WHALE_HUNTER Error: unsupported operand type(s) for +: 'int' and 'NoneType',HOLD,M_AI_WHALE_HUNTER Error: unsupported operand type(s) for +: 'int' and 'NoneType',1.7041856430275426,-4.260464107568857,-0.8520928215137713,0.3,0.011012312316425665,-5.307666808263108e-07,,,False,,0.0,,90807.45,50.0,50.0,50.0,90807.45,90807.45,90807.45,CONSOLIDATION,True,-0.012882745544301053,9.469701593404093e-05,-4.807507058627959e-16,,0.0,1.0
2025-11-30T12:51:47.093110,M_INVERSE_WOLF,ai_whale_hunter,M_INVERSE_WOLF Error: unsupported operand type(s) for +: 'int' and 'NoneType',HOLD,M_INVERSE_WOLF Error: unsupported operand type(s) for +: 'int' and 'NoneType',1.7041856430275426,-4.260464107568857,-0.8520928215137713,0.3,0.011012312316425665,-5.307666808263108e-07,,,False,,0.0,,90807.45,50.0,50.0,50.0,90807.45,90807.45,90807.45,CONSOLIDATION,True,-0.012882745544301053,9.469701593404093e-05,-4.807507058627959e-16,,0.0,1.0
2025-11-30T12:51:52.113057,M_FISH_MARKET_MAKER,reversion,Müêü Dead Market Grid waiting for range info,HOLD,Müêü Dead Market Grid waiting for range info,0.6200038742170854,-1.5500096855427135,-0.3100019371085427,0.3,0.01101471400474281,-1.5940946204263422e-07,,,False,,0.0,,90787.65,50.0,50.0,50.0,90787.65,90787.65,90787.65,CONSOLIDATION,True,-0.030501451571801067,9.107985303912931e-05,3.2057036895143463e-16,,0.0,0.0
2025-11-30T12:51:52.113669,MUP_DIRECTIONAL_LONG,direction_probe_long,Direction probe already holding position,HOLD,Direction probe already holding position,0.6200038742170854,-1.5500096855427135,-0.3100019371085427,0.3,0.01101471400474281,-1.5940946204263422e-07,,,False,,0.0,,90787.65,50.0,50.0,50.0,90787.65,90787.65,90787.65,CONSOLIDATION,True,-0.030501451571801067,9.107985303912931e-05,3.2057036895143463e-16,,0.0,0.0
2025-11-30T12:51:52.113848,MDOWN_DIRECTIONAL_SHORT,direction_probe_short,Direction probe already holding position,HOLD,Direction probe already holding position,0.6200038742170854,-1.5500096855427135,-0.3100019371085427,0.3,0.01101471400474281,-1.5940946204263422e-07,,,False,,0.0,,90787.65,50.0,50.0,50.0,90787.65,90787.65,90787.65,CONSOLIDATION,True,-0.030501451571801067,9.107985303912931e-05,3.2057036895143463e-16,,0.0,0.0
2025-11-30T12:51:52.114248,M_AI_WHALE_HUNTER,ai_whale_hunter,M_AI_WHALE_HUNTER Error: unsupported operand type(s) for +: 'int' and 'NoneType',HOLD,M_AI_WHALE_HUNTER Error: unsupported operand type(s) for +: 'int' and 'NoneType',0.6200038742170854,-1.5500096855427135,-0.3100019371085427,0.3,0.01101471400474281,-1.5940946204263422e-07,,,False,,0.0,,90787.65,50.0,50.0,50.0,90787.65,90787.65,90787.65,CONSOLIDATION,True,-0.030501451571801067,9.107985303912931e-05,3.2057036895143463e-16,,0.0,0.0
2025-11-30T12:51:52.114642,M_INVERSE_WOLF,ai_whale_hunter,M_INVERSE_WOLF Error: unsupported operand type(s) for +: 'int' and 'NoneType',HOLD,M_INVERSE_WOLF Error: unsupported operand type(s) for +: 'int' and 'NoneType',0.6200038742170854,-1.5500096855427135,-0.3100019371085427,0.3,0.01101471400474281,-1.5940946204263422e-07,,,False,,0.0,,90787.65,50.0,50.0,50.0,90787.65,90787.65,90787.65,CONSOLIDATION,True,-0.030501451571801067,9.107985303912931e-05,3.2057036895143463e-16,,0.0,0.0
2025-11-30T12:51:57.121933,M_FISH_MARKET_MAKER,reversion,Müêü Dead Market Grid waiting for range info,HOLD,Müêü Dead Market Grid waiting for range info,1.0900103210386225,2.7250258025965564,0.5450051605193112,0.3,0.01101424086336457,2.3660571882833642e-07,,,False,,0.0,,90791.55,50.0,50.0,50.0,90791.55,90791.55,90791.55,CONSOLIDATION,True,-0.014756904772255454,4.849423632415239e-05,4.80834898017498e-16,,0.0,0.0
2025-11-30T12:51:57.122157,MUP_DIRECTIONAL_LONG,direction_probe_long,Direction probe already holding position,HOLD,Direction probe already holding position,1.0900103210386225,2.7250258025965564,0.5450051605193112,0.3,0.01101424086336457,2.3660571882833642e-07,,,False,,0.0,,90791.55,50.0,50.0,50.0,90791.55,90791.55,90791.55,CONSOLIDATION,True,-0.014756904772255454,4.849423632415239e-05,4.80834898017498e-16,,0.0,0.0
2025-11-30T12:51:57.122580,MDOWN_DIRECTIONAL_SHORT,direction_probe_short,Direction probe already holding position,HOLD,Direction probe already holding position,1.0900103210386225,2.7250258025965564,0.5450051605193112,0.3,0.01101424086336457,2.3660571882833642e-07,,,False,,0.0,,90791.55,50.0,50.0,50.0,90791.55,90791.55,90791.55,CONSOLIDATION,True,-0.014756904772255454,4.849423632415239e-05,4.80834898017498e-16,,0.0,0.0
2025-11-30T12:51:57.122741,M_AI_WHALE_HUNTER,ai_whale_hunter,M_AI_WHALE_HUNTER Error: unsupported operand type(s) for +: 'int' and 'NoneType',HOLD,M_AI_WHALE_HUNTER Error: unsupported operand type(s) for +: 'int' and 'NoneType',1.0900103210386225,2.7250258025965564,0.5450051605193112,0.3,0.01101424086336457,2.3660571882833642e-07,,,False,,0.0,,90791.55,50.0,50.0,50.0,90791.55,90791.55,90791.55,CONSOLIDATION,True,-0.014756904772255454,4.849423632415239e-05,4.80834898017498e-16,,0.0,0.0
2025-11-30T12:51:57.122855,M_INVERSE_WOLF,ai_whale_hunter,M_INVERSE_WOLF Error: unsupported operand type(s) for +: 'int' and 'NoneType',HOLD,M_INVERSE_WOLF Error: unsupported operand type(s) for +: 'int' and 'NoneType',1.0900103210386225,2.7250258025965564,0.5450051605193112,0.3,0.01101424086336457,2.3660571882833642e-07,,,False,,0.0,,90791.55,50.0,50.0,50.0,90791.55,90791.55,90791.55,CONSOLIDATION,True,-0.014756904772255454,4.849423632415239e-05,4.80834898017498e-16,,0.0,0.0
2025-11-30T12:52:02.142023,M_FISH_MARKET_MAKER,reversion,Müêü Dead Market Grid waiting for range info,HOLD,Müêü Dead Market Grid waiting for range info,0.07965646806226526,0.19914117015566313,0.03982823403113263,0.3,0.01101424086336457,-2.2498977155000985e-08,,,False,,0.0,,90791.55,50.0,50.0,50.0,90791.55,90791.55,90791.55,CONSOLIDATION,True,-0.014756904772255454,4.84942363241524e-05,4.80834898017498e-16,,0.0,1.0
2025-11-30T12:52:02.142635,MUP_DIRECTIONAL_LONG,direction_probe_long,Direction probe already holding position,HOLD,Direction probe already holding position,0.07965646806226526,0.19914117015566313,0.03982823403113263,0.3,0.01101424086336457,-2.2498977155000985e-08,,,False,,0.0,,90791.55,50.0,50.0,50.0,90791.55,90791.55,90791.55,CONSOLIDATION,True,-0.014756904772255454,4.84942363241524e-05,4.80834898017498e-16,,0.0,1.0
2025-11-30T12:52:02.143231,MDOWN_DIRECTIONAL_SHORT,direction_probe_short,Direction probe already holding position,HOLD,Direction probe already holding position,0.07965646806226526,0.19914117015566313,0.03982823403113263,0.3,0.01101424086336457,-2.2498977155000985e-08,,,False,,0.0,,90791.55,50.0,50.0,50.0,90791.55,90791.55,90791.55,CONSOLIDATION,True,-0.014756904772255454,4.84942363241524e-05,4.80834898017498e-16,,0.0,1.0
2025-11-30T12:52:02.143625,M_AI_WHALE_HUNTER,ai_whale_hunter,M_AI_WHALE_HUNTER Error: unsupported operand type(s) for +: 'int' and 'NoneType',HOLD,M_AI_WHALE_HUNTER Error: unsupported operand type(s) for +: 'int' and 'NoneType',0.07965646806226526,0.19914117015566313,0.03982823403113263,0.3,0.01101424086336457,-2.2498977155000985e-08,,,False,,0.0,,90791.55,50.0,50.0,50.0,90791.55,90791.55,90791.55,CONSOLIDATION,True,-0.014756904772255454,4.84942363241524e-05,4.80834898017498e-16,,0.0,1.0
2025-11-30T12:52:02.143971,M_INVERSE_WOLF,ai_whale_hunter,M_INVERSE_WOLF Error: unsupported operand type(s) for +: 'int' and 'NoneType',HOLD,M_INVERSE_WOLF Error: unsupported operand type(s) for +: 'int' and 'NoneType',0.07965646806226526,0.19914117015566313,0.03982823403113263,0.3,0.01101424086336457,-2.2498977155000985e-08,,,False,,0.0,,90791.55,50.0,50.0,50.0,90791.55,90791.55,90791.55,CONSOLIDATION,True,-0.014756904772255454,4.84942363241524e-05,4.80834898017498e-16,,0.0,1.0
2025-11-30T12:52:07.164070,M_FISH_MARKET_MAKER,reversion,Müêü Dead Market Grid waiting for range info,HOLD,Müêü Dead Market Grid waiting for range info,0.10945931064860696,0.2736482766215174,0.05472965532430348,0.3,0.01101424086336457,-6.152408018042267e-09,,,False,,0.0,,90791.55,50.0,50.0,50.0,90791.55,90791.55,90791.55,CONSOLIDATION,True,-0.01398612950384711,4.772322441167077e-05,4.80834898017498e-16,,0.0,0.0
2025-11-30T12:52:07.164387,MUP_DIRECTIONAL_LONG,direction_probe_long,Direction probe already holding position,HOLD,Direction probe already holding position,0.10945931064860696,0.2736482766215174,0.05472965532430348,0.3,0.01101424086336457,-6.152408018042267e-09,,,False,,0.0,,90791.55,50.0,50.0,50.0,90791.55,90791.55,90791.55,CONSOLIDATION,True,-0.01398612950384711,4.772322441167077e-05,4.80834898017498e-16,,0.0,0.0
2025-11-30T12:52:07.165024,MDOWN_DIRECTIONAL_SHORT,direction_probe_short,Direction probe already holding position,HOLD,Direction probe already holding position,0.10945931064860696,0.2736482766215174,0.05472965532430348,0.3,0.01101424086336457,-6.152408018042267e-09,,,False,,0.0,,90791.55,50.0,50.0,50.0,90791.55,90791.55,90791.55,CONSOLIDATION,True,-0.01398612950384711,4.772322441167077e-05,4.80834898017498e-16,,0.0,0.0
2025-11-30T12:52:07.165582,M_AI_WHALE_HUNTER,ai_whale_hunter,M_AI_WHALE_HUNTER Error: unsupported operand type(s) for +: 'int' and 'NoneType',HOLD,M_AI_WHALE_HUNTER Error: unsupported operand type(s) for +: 'int' and 'NoneType',0.10945931064860696,0.2736482766215174,0.05472965532430348,0.3,0.01101424086336457,-6.152408018042267e-09,,,False,,0.0,,90791.55,50.0,50.0,50.0,90791.55,90791.55,90791.55,CONSOLIDATION,True,-0.01398612950384711,4.772322441167077e-05,4.80834898017498e-16,,0.0,0.0
2025-11-30T12:52:07.165862,M_INVERSE_WOLF,ai_whale_hunter,M_INVERSE_WOLF Error: unsupported operand type(s) for +: 'int' and 'NoneType',HOLD,M_INVERSE_WOLF Error: unsupported operand type(s) for +: 'int' and 'NoneType',0.10945931064860696,0.2736482766215174,0.05472965532430348,0.3,0.01101424086336457,-6.152408018042267e-09,,,False,,0.0,,90791.55,50.0,50.0,50.0,90791.55,90791.55,90791.55,CONSOLIDATION,True,-0.01398612950384711,4.772322441167077e-05,4.80834898017498e-16,,0.0,0.0
2025-11-30T12:52:12.186745,M_FISH_MARKET_MAKER,reversion,Müêü Dead Market Grid waiting for range info,HOLD,Müêü Dead Market Grid waiting for range info,1.5906596912083708,-3.976649228020927,-0.7953298456041854,0.3,0.01101424086336457,-4.887888235417446e-07,,,False,,0.0,,90791.55,50.0,50.0,50.0,90791.55,90791.55,90791.55,CONSOLIDATION,True,-0.01266477282426086,4.719038037181963e-05,4.80834898017498e-16,,0.0,0.0
2025-11-30T12:52:12.187363,MUP_DIRECTIONAL_LONG,direction_probe_long,Direction probe already holding position,HOLD,Direction probe already holding position,1.5906596912083708,-3.976649228020927,-0.7953298456041854,0.3,0.01101424086336457,-4.887888235417446e-07,,,False,,0.0,,90791.55,50.0,50.0,50.0,90791.55,90791.55,90791.55,CONSOLIDATION,True,-0.01266477282426086,4.719038037181963e-05,4.80834898017498e-16,,0.0,0.0
2025-11-30T12:52:12.188099,MDOWN_DIRECTIONAL_SHORT,direction_probe_short,Direction probe already holding position,HOLD,Direction probe already holding position,1.5906596912083708,-3.976649228020927,-0.7953298456041854,0.3,0.01101424086336457,-4.887888235417446e-07,,,False,,0.0,,90791.55,50.0,50.0,50.0,90791.55,90791.55,90791.55,CONSOLIDATION,True,-0.01266477282426086,4.719038037181963e-05,4.80834898017498e-16,,0.0,0.0
2025-11-30T12:52:12.188619,M_AI_WHALE_HUNTER,ai_whale_hunter,M_AI_WHALE_HUNTER Error: unsupported operand type(s) for +: 'int' and 'NoneType',HOLD,M_AI_WHALE_HUNTER Error: unsupported operand type(s) for +: 'int' and 'NoneType',1.5906596912083708,-3.976649228020927,-0.7953298456041854,0.3,0.01101424086336457,-4.887888235417446e-07,,,False,,0.0,,90791.55,50.0,50.0,50.0,90791.55,90791.55,90791.55,CONSOLIDATION,True,-0.01266477282426086,4.719038037181963e-05,4.80834898017498e-16,,0.0,0.0
2025-11-30T12:52:12.188873,M_INVERSE_WOLF,ai_whale_hunter,M_INVERSE_WOLF Error: unsupported operand type(s) for +: 'int' and 'NoneType',HOLD,M_INVERSE_WOLF Error: unsupported operand type(s) for +: 'int' and 'NoneType',1.5906596912083708,-3.976649228020927,-0.7953298456041854,0.3,0.01101424086336457,-4.887888235417446e-07,,,False,,0.0,,90791.55,50.0,50.0,50.0,90791.55,90791.55,90791.55,CONSOLIDATION,True,-0.01266477282426086,4.719038037181963e-05,4.80834898017498e-16,,0.0,0.0
2025-11-30T12:52:17.212021,M_FISH_MARKET_MAKER,reversion,Müêü Dead Market Grid waiting for range info,HOLD,Müêü Dead Market Grid waiting for range info,0.7088444157520982,-1.7721110393802455,-0.3544222078760491,0.3,0.01101424086336457,-1.9319494730429484e-07,,,False,,0.0,,90791.55,50.0,50.0,50.0,90791.55,90791.55,90791.55,CONSOLIDATION,True,-0.0120040813876654,4.681885071794101e-05,4.80834898017498e-16,,0.0,1.0
2025-11-30T12:52:17.212349,MUP_DIRECTIONAL_LONG,direction_probe_long,Direction probe already holding position,HOLD,Direction probe already holding position,0.7088444157520982,-1.7721110393802455,-0.3544222078760491,0.3,0.01101424086336457,-1.9319494730429484e-07,,,False,,0.0,,90791.55,50.0,50.0,50.0,90791.55,90791.55,90791.55,CONSOLIDATION,True,-0.0120040813876654,4.681885071794101e-05,4.80834898017498e-16,,0.0,1.0
2025-11-30T12:52:17.213003,MDOWN_DIRECTIONAL_SHORT,direction_probe_short,Direction probe already holding position,HOLD,Direction probe already holding position,0.7088444157520982,-1.7721110393802455,-0.3544222078760491,0.3,0.01101424086336457,-1.9319494730429484e-07,,,False,,0.0,,90791.55,50.0,50.0,50.0,90791.55,90791.55,90791.55,CONSOLIDATION,True,-0.0120040813876654,4.681885071794101e-05,4.80834898017498e-16,,0.0,1.0
2025-11-30T12:52:17.213455,M_AI_WHALE_HUNTER,ai_whale_hunter,M_AI_WHALE_HUNTER Error: unsupported operand type(s) for +: 'int' and 'NoneType',HOLD,M_AI_WHALE_HUNTER Error: unsupported operand type(s) for +: 'int' and 'NoneType',0.7088444157520982,-1.7721110393802455,-0.3544222078760491,0.3,0.01101424086336457,-1.9319494730429484e-07,,,False,,0.0,,90791.55,50.0,50.0,50.0,90791.55,90791.55,90791.55,CONSOLIDATION,True,-0.0120040813876654,4.681885071794101e-05,4.80834898017498e-16,,0.0,1.0
2025-11-30T12:52:17.213708,M_INVERSE_WOLF,ai_whale_hunter,M_INVERSE_WOLF Error: unsupported operand type(s) for +: 'int' and 'NoneType',HOLD,M_INVERSE_WOLF Error: unsupported operand type(s) for +: 'int' and 'NoneType',0.7088444157520982,-1.7721110393802455,-0.3544222078760491,0.3,0.01101424086336457,-1.9319494730429484e-07,,,False,,0.0,,90791.55,50.0,50.0,50.0,90791.55,90791.55,90791.55,CONSOLIDATION,True,-0.0120040813876654,4.681885071794101e-05,4.80834898017498e-16,,0.0,1.0
2025-11-30T12:52:22.231184,M_FISH_MARKET_MAKER,reversion,Müêü Dead Market Grid waiting for range info,HOLD,Müêü Dead Market Grid waiting for range info,1.8509810414769436,-4.627452603692359,-0.9254905207384718,0.8308541901874588,0.011014798933747722,-5.49419227456887e-07,,,False,,0.0,,90786.95,50.0,50.0,50.0,90786.95,90786.95,90786.95,CONSOLIDATION,True,-0.0007710299803961107,0.00010902399714735575,-4.808592609962175e-16,,0.0,1.0
2025-11-30T12:52:22.231843,MUP_DIRECTIONAL_LONG,direction_probe_long,Direction probe already holding position,HOLD,Direction probe already holding position,1.8509810414769436,-4.627452603692359,-0.9254905207384718,0.8308541901874588,0.011014798933747722,-5.49419227456887e-07,,,False,,0.0,,90786.95,50.0,50.0,50.0,90786.95,90786.95,90786.95,CONSOLIDATION,True,-0.0007710299803961107,0.00010902399714735575,-4.808592609962175e-16,,0.0,1.0
2025-11-30T12:52:22.232709,MDOWN_DIRECTIONAL_SHORT,direction_probe_short,Direction probe already holding position,HOLD,Direction probe already holding position,1.8509810414769436,-4.627452603692359,-0.9254905207384718,0.8308541901874588,0.011014798933747722,-5.49419227456887e-07,,,False,,0.0,,90786.95,50.0,50.0,50.0,90786.95,90786.95,90786.95,CONSOLIDATION,True,-0.0007710299803961107,0.00010902399714735575,-4.808592609962175e-16,,0.0,1.0
2025-11-30T12:52:22.233128,M_AI_WHALE_HUNTER,ai_whale_hunter,M_AI_WHALE_HUNTER Error: unsupported operand type(s) for +: 'int' and 'NoneType',HOLD,M_AI_WHALE_HUNTER Error: unsupported operand type(s) for +: 'int' and 'NoneType',1.8509810414769436,-4.627452603692359,-0.9254905207384718,0.8308541901874588,0.011014798933747722,-5.49419227456887e-07,,,False,,0.0,,90786.95,50.0,50.0,50.0,90786.95,90786.95,90786.95,CONSOLIDATION,True,-0.0007710299803961107,0.00010902399714735575,-4.808592609962175e-16,,0.0,1.0
2025-11-30T12:52:22.233387,M_INVERSE_WOLF,ai_whale_hunter,M_INVERSE_WOLF Error: unsupported operand type(s) for +: 'int' and 'NoneType',HOLD,M_INVERSE_WOLF Error: unsupported operand type(s) for +: 'int' and 'NoneType',1.8509810414769436,-4.627452603692359,-0.9254905207384718,0.8308541901874588,0.011014798933747722,-5.49419227456887e-07,,,False,,0.0,,90786.95,50.0,50.0,50.0,90786.95,90786.95,90786.95,CONSOLIDATION,True,-0.0007710299803961107,0.00010902399714735575,-4.808592609962175e-16,,0.0,1.0
2025-11-30T12:52:27.251034,M_FISH_MARKET_MAKER,reversion,Müêü Dead Market Grid waiting for range info,HOLD,Müêü Dead Market Grid waiting for range info,0.18873878315747955,0.4718469578936989,0.09436939157873978,0.8891484134731649,0.011016327849361504,4.8071248709189804e-08,,,False,,0.0,,90774.35,50.0,50.0,50.0,90774.35,90774.35,90774.35,CONSOLIDATION,True,-0.018944494283881144,0.0002041740655618446,-3.206173380116045e-16,,0.0,1.0
2025-11-30T12:52:27.251333,MUP_DIRECTIONAL_LONG,direction_probe_long,Direction probe already holding position,HOLD,Direction probe already holding position,0.18873878315747955,0.4718469578936989,0.09436939157873978,0.8891484134731649,0.011016327849361504,4.8071248709189804e-08,,,False,,0.0,,90774.35,50.0,50.0,50.0,90774.35,90774.35,90774.35,CONSOLIDATION,True,-0.018944494283881144,0.0002041740655618446,-3.206173380116045e-16,,0.0,1.0
2025-11-30T12:52:27.251958,MDOWN_DIRECTIONAL_SHORT,direction_probe_short,Direction probe already holding position,HOLD,Direction probe already holding position,0.18873878315747955,0.4718469578936989,0.09436939157873978,0.8891484134731649,0.011016327849361504,4.8071248709189804e-08,,,False,,0.0,,90774.35,50.0,50.0,50.0,90774.35,90774.35,90774.35,CONSOLIDATION,True,-0.018944494283881144,0.0002041740655618446,-3.206173380116045e-16,,0.0,1.0
2025-11-30T12:52:27.252462,M_AI_WHALE_HUNTER,ai_whale_hunter,M_AI_WHALE_HUNTER Error: unsupported operand type(s) for +: 'int' and 'NoneType',HOLD,M_AI_WHALE_HUNTER Error: unsupported operand type(s) for +: 'int' and 'NoneType',0.18873878315747955,0.4718469578936989,0.09436939157873978,0.8891484134731649,0.011016327849361504,4.8071248709189804e-08,,,False,,0.0,,90774.35,50.0,50.0,50.0,90774.35,90774.35,90774.35,CONSOLIDATION,True,-0.018944494283881144,0.0002041740655618446,-3.206173380116045e-16,,0.0,1.0
2025-11-30T12:52:27.252727,M_INVERSE_WOLF,ai_whale_hunter,M_INVERSE_WOLF Error: unsupported operand type(s) for +: 'int' and 'NoneType',HOLD,M_INVERSE_WOLF Error: unsupported operand type(s) for +: 'int' and 'NoneType',0.18873878315747955,0.4718469578936989,0.09436939157873978,0.8891484134731649,0.011016327849361504,4.8071248709189804e-08,,,False,,0.0,,90774.35,50.0,50.0,50.0,90774.35,90774.35,90774.35,CONSOLIDATION,True,-0.018944494283881144,0.0002041740655618446,-3.206173380116045e-16,,0.0,1.0
2025-11-30T12:52:32.269569,M_FISH_MARKET_MAKER,reversion,Müêü Dead Market Grid waiting for range info,HOLD,Müêü Dead Market Grid waiting for range info,0.12973883740522318,-0.32434709351305796,-0.06486941870261159,0.8882186604018492,0.011016327849361504,-2.0457972745514783e-08,,,False,,0.0,,90774.35,50.0,50.0,50.0,90774.35,90774.35,90774.35,CONSOLIDATION,True,-0.018944494283881144,0.00020337662959546708,-3.206173380116045e-16,,0.0,0.0
2025-11-30T12:52:32.270241,MUP_DIRECTIONAL_LONG,direction_probe_long,Direction probe already holding position,HOLD,Direction probe already holding position,0.12973883740522318,-0.32434709351305796,-0.06486941870261159,0.8882186604018492,0.011016327849361504,-2.0457972745514783e-08,,,False,,0.0,,90774.35,50.0,50.0,50.0,90774.35,90774.35,90774.35,CONSOLIDATION,True,-0.018944494283881144,0.00020337662959546708,-3.206173380116045e-16,,0.0,0.0
2025-11-30T12:52:32.271020,MDOWN_DIRECTIONAL_SHORT,direction_probe_short,Direction probe already holding position,HOLD,Direction probe already holding position,0.12973883740522318,-0.32434709351305796,-0.06486941870261159,0.8882186604018492,0.011016327849361504,-2.0457972745514783e-08,,,False,,0.0,,90774.35,50.0,50.0,50.0,90774.35,90774.35,90774.35,CONSOLIDATION,True,-0.018944494283881144,0.00020337662959546708,-3.206173380116045e-16,,0.0,0.0
2025-11-30T12:52:32.271433,M_AI_WHALE_HUNTER,ai_whale_hunter,M_AI_WHALE_HUNTER Error: unsupported operand type(s) for +: 'int' and 'NoneType',HOLD,M_AI_WHALE_HUNTER Error: unsupported operand type(s) for +: 'int' and 'NoneType',0.12973883740522318,-0.32434709351305796,-0.06486941870261159,0.8882186604018492,0.011016327849361504,-2.0457972745514783e-08,,,False,,0.0,,90774.35,50.0,50.0,50.0,90774.35,90774.35,90774.35,CONSOLIDATION,True,-0.018944494283881144,0.00020337662959546708,-3.206173380116045e-16,,0.0,0.0
2025-11-30T12:52:32.271679,M_INVERSE_WOLF,ai_whale_hunter,M_INVERSE_WOLF Error: unsupported operand type(s) for +: 'int' and 'NoneType',HOLD,M_INVERSE_WOLF Error: unsupported operand type(s) for +: 'int' and 'NoneType',0.12973883740522318,-0.32434709351305796,-0.06486941870261159,0.8882186604018492,0.011016327849361504,-2.0457972745514783e-08,,,False,,0.0,,90774.35,50.0,50.0,50.0,90774.35,90774.35,90774.35,CONSOLIDATION,True,-0.018944494283881144,0.00020337662959546708,-3.206173380116045e-16,,0.0,0.0
2025-11-30T12:52:37.284882,M_FISH_MARKET_MAKER,reversion,Müêü Dead Market Grid waiting for range info,HOLD,Müêü Dead Market Grid waiting for range info,0.23730874455365292,0.5932718613841323,0.11865437227682646,0.8847703880765305,0.011016327849361504,5.805412191924505e-08,,,False,,0.0,,90774.35,50.0,50.0,50.0,90774.35,90774.35,90774.35,CONSOLIDATION,True,-0.018944494283881144,0.0002083495118906906,-3.206173380116045e-16,,0.0,0.0
2025-11-30T12:52:37.285256,MUP_DIRECTIONAL_LONG,direction_probe_long,Direction probe already holding position,HOLD,Direction probe already holding position,0.23730874455365292,0.5932718613841323,0.11865437227682646,0.8847703880765305,0.011016327849361504,5.805412191924505e-08,,,False,,0.0,,90774.35,50.0,50.0,50.0,90774.35,90774.35,90774.35,CONSOLIDATION,True,-0.018944494283881144,0.0002083495118906906,-3.206173380116045e-16,,0.0,0.0
2025-11-30T12:52:37.285748,MDOWN_DIRECTIONAL_SHORT,direction_probe_short,Direction probe already holding position,HOLD,Direction probe already holding position,0.23730874455365292,0.5932718613841323,0.11865437227682646,0.8847703880765305,0.011016327849361504,5.805412191924505e-08,,,False,,0.0,,90774.35,50.0,50.0,50.0,90774.35,90774.35,90774.35,CONSOLIDATION,True,-0.018944494283881144,0.0002083495118906906,-3.206173380116045e-16,,0.0,0.0
2025-11-30T12:52:37.286050,M_AI_WHALE_HUNTER,ai_whale_hunter,M_AI_WHALE_HUNTER Error: unsupported operand type(s) for +: 'int' and 'NoneType',HOLD,M_AI_WHALE_HUNTER Error: unsupported operand type(s) for +: 'int' and 'NoneType',0.23730874455365292,0.5932718613841323,0.11865437227682646,0.8847703880765305,0.011016327849361504,5.805412191924505e-08,,,False,,0.0,,90774.35,50.0,50.0,50.0,90774.35,90774.35,90774.35,CONSOLIDATION,True,-0.018944494283881144,0.0002083495118906906,-3.206173380116045e-16,,0.0,0.0
2025-11-30T12:52:37.286337,M_INVERSE_WOLF,ai_whale_hunter,M_INVERSE_WOLF Error: unsupported operand type(s) for +: 'int' and 'NoneType',HOLD,M_INVERSE_WOLF Error: unsupported operand type(s) for +: 'int' and 'NoneType',0.23730874455365292,0.5932718613841323,0.11865437227682646,0.8847703880765305,0.011016327849361504,5.805412191924505e-08,,,False,,0.0,,90774.35,50.0,50.0,50.0,90774.35,90774.35,90774.35,CONSOLIDATION,True,-0.018944494283881144,0.0002083495118906906,-3.206173380116045e-16,,0.0,0.0
2025-11-30T12:52:42.304645,M_FISH_MARKET_MAKER,reversion,Müêü Dead Market Grid waiting for range info,HOLD,Müêü Dead Market Grid waiting for range info,1.7427344452212123,4.356836113053031,0.8713672226106062,0.9610740942372622,0.011017104606396945,5.293722817293489e-07,,,False,,0.0,,90767.95,50.0,50.0,50.0,90767.95,90767.95,90767.95,CONSOLIDATION,True,-0.025993608436033773,0.00021795673826435552,-4.809599168550192e-16,,0.0,0.0
2025-11-30T12:52:42.305247,MUP_DIRECTIONAL_LONG,direction_probe_long,Direction probe already holding position,HOLD,Direction probe already holding position,1.7427344452212123,4.356836113053031,0.8713672226106062,0.9610740942372622,0.011017104606396945,5.293722817293489e-07,,,False,,0.0,,90767.95,50.0,50.0,50.0,90767.95,90767.95,90767.95,CONSOLIDATION,True,-0.025993608436033773,0.00021795673826435552,-4.809599168550192e-16,,0.0,0.0
2025-11-30T12:52:42.306134,MDOWN_DIRECTIONAL_SHORT,direction_probe_short,Direction probe already holding position,HOLD,Direction probe already holding position,1.7427344452212123,4.356836113053031,0.8713672226106062,0.9610740942372622,0.011017104606396945,5.293722817293489e-07,,,False,,0.0,,90767.95,50.0,50.0,50.0,90767.95,90767.95,90767.95,CONSOLIDATION,True,-0.025993608436033773,0.00021795673826435552,-4.809599168550192e-16,,0.0,0.0
2025-11-30T12:52:42.306695,M_AI_WHALE_HUNTER,ai_whale_hunter,M_AI_WHALE_HUNTER Error: unsupported operand type(s) for +: 'int' and 'NoneType',HOLD,M_AI_WHALE_HUNTER Error: unsupported operand type(s) for +: 'int' and 'NoneType',1.7427344452212123,4.356836113053031,0.8713672226106062,0.9610740942372622,0.011017104606396945,5.293722817293489e-07,,,False,,0.0,,90767.95,50.0,50.0,50.0,90767.95,90767.95,90767.95,CONSOLIDATION,True,-0.025993608436033773,0.00021795673826435552,-4.809599168550192e-16,,0.0,0.0
2025-11-30T12:52:42.306934,M_INVERSE_WOLF,ai_whale_hunter,M_INVERSE_WOLF Error: unsupported operand type(s) for +: 'int' and 'NoneType',HOLD,M_INVERSE_WOLF Error: unsupported operand type(s) for +: 'int' and 'NoneType',1.7427344452212123,4.356836113053031,0.8713672226106062,0.9610740942372622,0.011017104606396945,5.293722817293489e-07,,,False,,0.0,,90767.95,50.0,50.0,50.0,90767.95,90767.95,90767.95,CONSOLIDATION,True,-0.025993608436033773,0.00021795673826435552,-4.809599168550192e-16,,0.0,0.0
2025-11-30T12:52:47.318699,M_FISH_MARKET_MAKER,reversion,Müêü Dead Market Grid waiting for range info,HOLD,Müêü Dead Market Grid waiting for range info,1.2905522592423553,3.2263806481058883,0.6452761296211776,0.9476477448349503,0.011016388529435386,3.806782900965622e-07,,,False,,0.0,,90773.85,50.0,50.0,50.0,90773.85,90773.85,90773.85,CONSOLIDATION,True,-0.019495206327017314,0.0002143459511572566,-3.206191040341871e-16,,0.0,0.0
2025-11-30T12:52:47.318942,MUP_DIRECTIONAL_LONG,direction_probe_long,Direction probe already holding position,HOLD,Direction probe already holding position,1.2905522592423553,3.2263806481058883,0.6452761296211776,0.9476477448349503,0.011016388529435386,3.806782900965622e-07,,,False,,0.0,,90773.85,50.0,50.0,50.0,90773.85,90773.85,90773.85,CONSOLIDATION,True,-0.019495206327017314,0.0002143459511572566,-3.206191040341871e-16,,0.0,0.0
2025-11-30T12:52:47.319038,MDOWN_DIRECTIONAL_SHORT,direction_probe_short,Direction probe already holding position,HOLD,Direction probe already holding position,1.2905522592423553,3.2263806481058883,0.6452761296211776,0.9476477448349503,0.011016388529435386,3.806782900965622e-07,,,False,,0.0,,90773.85,50.0,50.0,50.0,90773.85,90773.85,90773.85,CONSOLIDATION,True,-0.019495206327017314,0.0002143459511572566,-3.206191040341871e-16,,0.0,0.0
2025-11-30T12:52:47.319296,M_AI_WHALE_HUNTER,ai_whale_hunter,M_AI_WHALE_HUNTER Error: unsupported operand type(s) for +: 'int' and 'NoneType',HOLD,M_AI_WHALE_HUNTER Error: unsupported operand type(s) for +: 'int' and 'NoneType',1.2905522592423553,3.2263806481058883,0.6452761296211776,0.9476477448349503,0.011016388529435386,3.806782900965622e-07,,,False,,0.0,,90773.85,50.0,50.0,50.0,90773.85,90773.85,90773.85,CONSOLIDATION,True,-0.019495206327017314,0.0002143459511572566,-3.206191040341871e-16,,0.0,0.0
2025-11-30T12:52:47.319449,M_INVERSE_WOLF,ai_whale_hunter,M_INVERSE_WOLF Error: unsupported operand type(s) for +: 'int' and 'NoneType',HOLD,M_INVERSE_WOLF Error: unsupported operand type(s) for +: 'int' and 'NoneType',1.2905522592423553,3.2263806481058883,0.6452761296211776,0.9476477448349503,0.011016388529435386,3.806782900965622e-07,,,False,,0.0,,90773.85,50.0,50.0,50.0,90773.85,90773.85,90773.85,CONSOLIDATION,True,-0.019495206327017314,0.0002143459511572566,-3.206191040341871e-16,,0.0,0.0
2025-11-30T12:52:52.337236,M_FISH_MARKET_MAKER,reversion,Müêü Dead Market Grid waiting for range info,HOLD,Müêü Dead Market Grid waiting for range info,1.7889280530789964,4.472320132697491,0.8944640265394982,0.9476477448349503,0.011016388529435386,5.377243540347798e-07,,,False,,0.0,,90773.85,50.0,50.0,50.0,90773.85,90773.85,90773.85,CONSOLIDATION,True,-0.014429386602359998,0.00021245296386705154,-3.206191040341871e-16,,0.0,0.0
2025-11-30T12:52:52.337918,MUP_DIRECTIONAL_LONG,direction_probe_long,Direction probe already holding position,HOLD,Direction probe already holding position,1.7889280530789964,4.472320132697491,0.8944640265394982,0.9476477448349503,0.011016388529435386,5.377243540347798e-07,,,False,,0.0,,90773.85,50.0,50.0,50.0,90773.85,90773.85,90773.85,CONSOLIDATION,True,-0.014429386602359998,0.00021245296386705154,-3.206191040341871e-16,,0.0,0.0
2025-11-30T12:52:52.338657,MDOWN_DIRECTIONAL_SHORT,direction_probe_short,Direction probe already holding position,HOLD,Direction probe already holding position,1.7889280530789964,4.472320132697491,0.8944640265394982,0.9476477448349503,0.011016388529435386,5.377243540347798e-07,,,False,,0.0,,90773.85,50.0,50.0,50.0,90773.85,90773.85,90773.85,CONSOLIDATION,True,-0.014429386602359998,0.00021245296386705154,-3.206191040341871e-16,,0.0,0.0
2025-11-30T12:52:52.339074,M_AI_WHALE_HUNTER,ai_whale_hunter,M_AI_WHALE_HUNTER Error: unsupported operand type(s) for +: 'int' and 'NoneType',HOLD,M_AI_WHALE_HUNTER Error: unsupported operand type(s) for +: 'int' and 'NoneType',1.7889280530789964,4.472320132697491,0.8944640265394982,0.9476477448349503,0.011016388529435386,5.377243540347798e-07,,,False,,0.0,,90773.85,50.0,50.0,50.0,90773.85,90773.85,90773.85,CONSOLIDATION,True,-0.014429386602359998,0.00021245296386705154,-3.206191040341871e-16,,0.0,0.0
2025-11-30T12:52:52.339324,M_INVERSE_WOLF,ai_whale_hunter,M_INVERSE_WOLF Error: unsupported operand type(s) for +: 'int' and 'NoneType',HOLD,M_INVERSE_WOLF Error: unsupported operand type(s) for +: 'int' and 'NoneType',1.7889280530789964,4.472320132697491,0.8944640265394982,0.9476477448349503,0.011016388529435386,5.377243540347798e-07,,,False,,0.0,,90773.85,50.0,50.0,50.0,90773.85,90773.85,90773.85,CONSOLIDATION,True,-0.014429386602359998,0.00021245296386705154,-3.206191040341871e-16,,0.0,0.0
2025-11-30T12:52:57.355937,M_FISH_MARKET_MAKER,reversion,Müêü Dead Market Grid waiting for range info,HOLD,Müêü Dead Market Grid waiting for range info,1.9847951569759257,4.961987892439814,0.9923975784879628,0.9336290599686052,0.011015806028319308,5.504641811408721e-07,,,False,,0.0,,90778.65,50.0,50.0,50.0,90778.65,90778.65,90778.65,CONSOLIDATION,True,0.0047370209756262185,0.0001016697609881816,3.2060215102046256e-16,,0.0,1.0
2025-11-30T12:52:57.356284,MUP_DIRECTIONAL_LONG,direction_probe_long,Direction probe already holding position,HOLD,Direction probe already holding position,1.9847951569759257,4.961987892439814,0.9923975784879628,0.9336290599686052,0.011015806028319308,5.504641811408721e-07,,,False,,0.0,,90778.65,50.0,50.0,50.0,90778.65,90778.65,90778.65,CONSOLIDATION,True,0.0047370209756262185,0.0001016697609881816,3.2060215102046256e-16,,0.0,1.0
2025-11-30T12:52:57.356843,MDOWN_DIRECTIONAL_SHORT,direction_probe_short,Direction probe already holding position,HOLD,Direction probe already holding position,1.9847951569759257,4.961987892439814,0.9923975784879628,0.9336290599686052,0.011015806028319308,5.504641811408721e-07,,,False,,0.0,,90778.65,50.0,50.0,50.0,90778.65,90778.65,90778.65,CONSOLIDATION,True,0.0047370209756262185,0.0001016697609881816,3.2060215102046256e-16,,0.0,1.0
2025-11-30T12:52:57.357128,M_AI_WHALE_HUNTER,ai_whale_hunter,M_AI_WHALE_HUNTER Error: unsupported operand type(s) for +: 'int' and 'NoneType',HOLD,M_AI_WHALE_HUNTER Error: unsupported operand type(s) for +: 'int' and 'NoneType',1.9847951569759257,4.961987892439814,0.9923975784879628,0.9336290599686052,0.011015806028319308,5.504641811408721e-07,,,False,,0.0,,90778.65,50.0,50.0,50.0,90778.65,90778.65,90778.65,CONSOLIDATION,True,0.0047370209756262185,0.0001016697609881816,3.2060215102046256e-16,,0.0,1.0
2025-11-30T12:52:57.357630,M_INVERSE_WOLF,ai_whale_hunter,M_INVERSE_WOLF Error: unsupported operand type(s) for +: 'int' and 'NoneType',HOLD,M_INVERSE_WOLF Error: unsupported operand type(s) for +: 'int' and 'NoneType',1.9847951569759257,4.961987892439814,0.9923975784879628,0.9336290599686052,0.011015806028319308,5.504641811408721e-07,,,False,,0.0,,90778.65,50.0,50.0,50.0,90778.65,90778.65,90778.65,CONSOLIDATION,True,0.0047370209756262185,0.0001016697609881816,3.2060215102046256e-16,,0.0,1.0
2025-11-30T12:53:02.364557,M_FISH_MARKET_MAKER,reversion,Müêü Dead Market Grid waiting for range info,HOLD,Müêü Dead Market Grid waiting for range info,1.920927929839451,4.802319824598627,0.9604639649197255,0.900734552005719,0.011013852673840807,5.502243577167134e-07,,,False,,0.0,,90795.95,100.0,0.0,0.0,90795.95,90795.95,90795.95,CONSOLIDATION,True,0.0239054577702345,8.303764064450577e-05,-4.808115966086653e-16,,0.0,0.0
2025-11-30T12:53:02.364830,MUP_DIRECTIONAL_LONG,direction_probe_long,Direction probe already holding position,HOLD,Direction probe already holding position,1.920927929839451,4.802319824598627,0.9604639649197255,0.900734552005719,0.011013852673840807,5.502243577167134e-07,,,False,,0.0,,90795.95,100.0,0.0,0.0,90795.95,90795.95,90795.95,CONSOLIDATION,True,0.0239054577702345,8.303764064450577e-05,-4.808115966086653e-16,,0.0,0.0
2025-11-30T12:53:02.365285,MDOWN_DIRECTIONAL_SHORT,direction_probe_short,Direction probe already holding position,HOLD,Direction probe already holding position,1.920927929839451,4.802319824598627,0.9604639649197255,0.900734552005719,0.011013852673840807,5.502243577167134e-07,,,False,,0.0,,90795.95,100.0,0.0,0.0,90795.95,90795.95,90795.95,CONSOLIDATION,True,0.0239054577702345,8.303764064450577e-05,-4.808115966086653e-16,,0.0,0.0
2025-11-30T12:53:02.365491,M_AI_WHALE_HUNTER,ai_whale_hunter,M_AI_WHALE_HUNTER Error: unsupported operand type(s) for +: 'int' and 'NoneType',HOLD,M_AI_WHALE_HUNTER Error: unsupported operand type(s) for +: 'int' and 'NoneType',1.920927929839451,4.802319824598627,0.9604639649197255,0.900734552005719,0.011013852673840807,5.502243577167134e-07,,,False,,0.0,,90795.95,100.0,0.0,0.0,90795.95,90795.95,90795.95,CONSOLIDATION,True,0.0239054577702345,8.303764064450577e-05,-4.808115966086653e-16,,0.0,0.0
2025-11-30T12:53:02.365634,M_INVERSE_WOLF,ai_whale_hunter,M_INVERSE_WOLF Error: unsupported operand type(s) for +: 'int' and 'NoneType',HOLD,M_INVERSE_WOLF Error: unsupported operand type(s) for +: 'int' and 'NoneType',1.920927929839451,4.802319824598627,0.9604639649197255,0.900734552005719,0.011013852673840807,5.502243577167134e-07,,,False,,0.0,,90795.95,100.0,0.0,0.0,90795.95,90795.95,90795.95,CONSOLIDATION,True,0.0239054577702345,8.303764064450577e-05,-4.808115966086653e-16,,0.0,0.0
2025-11-30T12:53:07.373340,M_FISH_MARKET_MAKER,reversion,Müêü Dead Market Grid waiting for range info,HOLD,Müêü Dead Market Grid waiting for range info,0.02804589327991257,-0.07011473319978143,-0.014022946639956286,0.9205649327219751,0.011012858063071824,-4.3286795784454365e-08,,,False,,0.0,,90802.95,50.0,50.0,50.0,90802.95,90802.95,90802.95,CONSOLIDATION,True,0.026768408651156313,8.55779338595229e-05,-4.807745308395877e-16,,0.0,1.0
2025-11-30T12:53:07.373623,MUP_DIRECTIONAL_LONG,direction_probe_long,Direction probe already holding position,HOLD,Direction probe already holding position,0.02804589327991257,-0.07011473319978143,-0.014022946639956286,0.9205649327219751,0.011012858063071824,-4.3286795784454365e-08,,,False,,0.0,,90802.95,50.0,50.0,50.0,90802.95,90802.95,90802.95,CONSOLIDATION,True,0.026768408651156313,8.55779338595229e-05,-4.807745308395877e-16,,0.0,1.0
2025-11-30T12:53:07.374028,MDOWN_DIRECTIONAL_SHORT,direction_probe_short,Direction probe already holding position,HOLD,Direction probe already holding position,0.02804589327991257,-0.07011473319978143,-0.014022946639956286,0.9205649327219751,0.011012858063071824,-4.3286795784454365e-08,,,False,,0.0,,90802.95,50.0,50.0,50.0,90802.95,90802.95,90802.95,CONSOLIDATION,True,0.026768408651156313,8.55779338595229e-05,-4.807745308395877e-16,,0.0,1.0
2025-11-30T12:53:07.374225,M_AI_WHALE_HUNTER,ai_whale_hunter,M_AI_WHALE_HUNTER Error: unsupported operand type(s) for +: 'int' and 'NoneType',HOLD,M_AI_WHALE_HUNTER Error: unsupported operand type(s) for +: 'int' and 'NoneType',0.02804589327991257,-0.07011473319978143,-0.014022946639956286,0.9205649327219751,0.011012858063071824,-4.3286795784454365e-08,,,False,,0.0,,90802.95,50.0,50.0,50.0,90802.95,90802.95,90802.95,CONSOLIDATION,True,0.026768408651156313,8.55779338595229e-05,-4.807745308395877e-16,,0.0,1.0
2025-11-30T12:53:07.374359,M_INVERSE_WOLF,ai_whale_hunter,M_INVERSE_WOLF Error: unsupported operand type(s) for +: 'int' and 'NoneType',HOLD,M_INVERSE_WOLF Error: unsupported operand type(s) for +: 'int' and 'NoneType',0.02804589327991257,-0.07011473319978143,-0.014022946639956286,0.9205649327219751,0.011012858063071824,-4.3286795784454365e-08,,,False,,0.0,,90802.95,50.0,50.0,50.0,90802.95,90802.95,90802.95,CONSOLIDATION,True,0.026768408651156313,8.55779338595229e-05,-4.807745308395877e-16,,0.0,1.0
2025-11-30T12:53:12.381310,M_FISH_MARKET_MAKER,reversion,Müêü Dead Market Grid waiting for range info,HOLD,Müêü Dead Market Grid waiting for range info,0.07026532479414446,0.17566331198536117,0.03513266239707223,0.9205649327219751,0.011012858063071824,-1.0497309793116442e-08,,,False,,0.0,,90802.95,50.0,50.0,50.0,90802.95,90802.95,90802.95,CONSOLIDATION,True,0.02610728773370246,8.528172353613958e-05,-4.807745308395877e-16,,0.0,1.3793103448275863
2025-11-30T12:53:12.381545,MUP_DIRECTIONAL_LONG,direction_probe_long,Direction probe already holding position,HOLD,Direction probe already holding position,0.07026532479414446,0.17566331198536117,0.03513266239707223,0.9205649327219751,0.011012858063071824,-1.0497309793116442e-08,,,False,,0.0,,90802.95,50.0,50.0,50.0,90802.95,90802.95,90802.95,CONSOLIDATION,True,0.02610728773370246,8.528172353613958e-05,-4.807745308395877e-16,,0.0,1.3793103448275863
2025-11-30T12:53:12.381951,MDOWN_DIRECTIONAL_SHORT,direction_probe_short,Direction probe already holding position,HOLD,Direction probe already holding position,0.07026532479414446,0.17566331198536117,0.03513266239707223,0.9205649327219751,0.011012858063071824,-1.0497309793116442e-08,,,False,,0.0,,90802.95,50.0,50.0,50.0,90802.95,90802.95,90802.95,CONSOLIDATION,True,0.02610728773370246,8.528172353613958e-05,-4.807745308395877e-16,,0.0,1.3793103448275863
2025-11-30T12:53:12.382119,M_AI_WHALE_HUNTER,ai_whale_hunter,M_AI_WHALE_HUNTER Error: unsupported operand type(s) for +: 'int' and 'NoneType',HOLD,M_AI_WHALE_HUNTER Error: unsupported operand type(s) for +: 'int' and 'NoneType',0.07026532479414446,0.17566331198536117,0.03513266239707223,0.9205649327219751,0.011012858063071824,-1.0497309793116442e-08,,,False,,0.0,,90802.95,50.0,50.0,50.0,90802.95,90802.95,90802.95,CONSOLIDATION,True,0.02610728773370246,8.528172353613958e-05,-4.807745308395877e-16,,0.0,1.3793103448275863
2025-11-30T12:53:12.382304,M_INVERSE_WOLF,ai_whale_hunter,M_INVERSE_WOLF Error: unsupported operand type(s) for +: 'int' and 'NoneType',HOLD,M_INVERSE_WOLF Error: unsupported operand type(s) for +: 'int' and 'NoneType',0.07026532479414446,0.17566331198536117,0.03513266239707223,0.9205649327219751,0.011012858063071824,-1.0497309793116442e-08,,,False,,0.0,,90802.95,50.0,50.0,50.0,90802.95,90802.95,90802.95,CONSOLIDATION,True,0.02610728773370246,8.528172353613958e-05,-4.807745308395877e-16,,0.0,1.3793103448275863
2025-11-30T12:53:17.405904,M_FISH_MARKET_MAKER,reversion,Müêü Dead Market Grid waiting for range info,HOLD,Müêü Dead Market Grid waiting for range info,0.5648773551368647,-1.4121933878421618,-0.28243867756843233,0.9202982658336805,0.011012858063071824,-2.2743946002260956e-07,,,False,,0.0,,90802.95,50.0,50.0,50.0,90802.95,90802.95,90802.95,CONSOLIDATION,True,0.02610728773370246,8.52817235361396e-05,-4.807745308395877e-16,,0.0,16.538461538461537
2025-11-30T12:53:17.406487,MUP_DIRECTIONAL_LONG,direction_probe_long,Direction probe already holding position,HOLD,Direction probe already holding position,0.5648773551368647,-1.4121933878421618,-0.28243867756843233,0.9202982658336805,0.011012858063071824,-2.2743946002260956e-07,,,False,,0.0,,90802.95,50.0,50.0,50.0,90802.95,90802.95,90802.95,CONSOLIDATION,True,0.02610728773370246,8.52817235361396e-05,-4.807745308395877e-16,,0.0,16.538461538461537
2025-11-30T12:53:17.406615,MDOWN_DIRECTIONAL_SHORT,direction_probe_short,Direction probe already holding position,HOLD,Direction probe already holding position,0.5648773551368647,-1.4121933878421618,-0.28243867756843233,0.9202982658336805,0.011012858063071824,-2.2743946002260956e-07,,,False,,0.0,,90802.95,50.0,50.0,50.0,90802.95,90802.95,90802.95,CONSOLIDATION,True,0.02610728773370246,8.52817235361396e-05,-4.807745308395877e-16,,0.0,16.538461538461537
2025-11-30T12:53:17.406876,M_AI_WHALE_HUNTER,ai_whale_hunter,M_AI_WHALE_HUNTER Error: unsupported operand type(s) for +: 'int' and 'NoneType',HOLD,M_AI_WHALE_HUNTER Error: unsupported operand type(s) for +: 'int' and 'NoneType',0.5648773551368647,-1.4121933878421618,-0.28243867756843233,0.9202982658336805,0.011012858063071824,-2.2743946002260956e-07,,,False,,0.0,,90802.95,50.0,50.0,50.0,90802.95,90802.95,90802.95,CONSOLIDATION,True,0.02610728773370246,8.52817235361396e-05,-4.807745308395877e-16,,0.0,16.538461538461537
2025-11-30T12:53:17.407062,M_INVERSE_WOLF,ai_whale_hunter,M_INVERSE_WOLF Error: unsupported operand type(s) for +: 'int' and 'NoneType',HOLD,M_INVERSE_WOLF Error: unsupported operand type(s) for +: 'int' and 'NoneType',0.5648773551368647,-1.4121933878421618,-0.28243867756843233,0.9202982658336805,0.011012858063071824,-2.2743946002260956e-07,,,False,,0.0,,90802.95,50.0,50.0,50.0,90802.95,90802.95,90802.95,CONSOLIDATION,True,0.02610728773370246,8.52817235361396e-05,-4.807745308395877e-16,,0.0,16.538461538461537
2025-11-30T12:53:22.414036,M_FISH_MARKET_MAKER,reversion,Müêü Dead Market Grid waiting for range info,HOLD,Müêü Dead Market Grid waiting for range info,0.3765306122448978,0.9413265306122445,0.1882653061224489,0.9081243629328541,0.011012858063071824,1.4034571320026566e-07,,,False,,0.0,,90802.95,50.0,50.0,50.0,90802.95,90802.95,90802.95,CONSOLIDATION,True,0.02610728773370246,8.528172353613958e-05,-4.807745308395877e-16,,0.0,0.0
2025-11-30T12:53:22.414312,MUP_DIRECTIONAL_LONG,direction_probe_long,Direction probe already holding position,HOLD,Direction probe already holding position,0.3765306122448978,0.9413265306122445,0.1882653061224489,0.9081243629328541,0.011012858063071824,1.4034571320026566e-07,,,False,,0.0,,90802.95,50.0,50.0,50.0,90802.95,90802.95,90802.95,CONSOLIDATION,True,0.02610728773370246,8.528172353613958e-05,-4.807745308395877e-16,,0.0,0.0
2025-11-30T12:53:22.414716,MDOWN_DIRECTIONAL_SHORT,direction_probe_short,Direction probe already holding position,HOLD,Direction probe already holding position,0.3765306122448978,0.9413265306122445,0.1882653061224489,0.9081243629328541,0.011012858063071824,1.4034571320026566e-07,,,False,,0.0,,90802.95,50.0,50.0,50.0,90802.95,90802.95,90802.95,CONSOLIDATION,True,0.02610728773370246,8.528172353613958e-05,-4.807745308395877e-16,,0.0,0.0
2025-11-30T12:53:22.414951,M_AI_WHALE_HUNTER,ai_whale_hunter,M_AI_WHALE_HUNTER Error: unsupported operand type(s) for +: 'int' and 'NoneType',HOLD,M_AI_WHALE_HUNTER Error: unsupported operand type(s) for +: 'int' and 'NoneType',0.3765306122448978,0.9413265306122445,0.1882653061224489,0.9081243629328541,0.011012858063071824,1.4034571320026566e-07,,,False,,0.0,,90802.95,50.0,50.0,50.0,90802.95,90802.95,90802.95,CONSOLIDATION,True,0.02610728773370246,8.528172353613958e-05,-4.807745308395877e-16,,0.0,0.0
2025-11-30T12:53:22.415081,M_INVERSE_WOLF,ai_whale_hunter,M_INVERSE_WOLF Error: unsupported operand type(s) for +: 'int' and 'NoneType',HOLD,M_INVERSE_WOLF Error: unsupported operand type(s) for +: 'int' and 'NoneType',0.3765306122448978,0.9413265306122445,0.1882653061224489,0.9081243629328541,0.011012858063071824,1.4034571320026566e-07,,,False,,0.0,,90802.95,50.0,50.0,50.0,90802.95,90802.95,90802.95,CONSOLIDATION,True,0.02610728773370246,8.528172353613958e-05,-4.807745308395877e-16,,0.0,0.0
2025-11-30T12:53:27.434930,M_FISH_MARKET_MAKER,reversion,Müêü Dead Market Grid waiting for range info,HOLD,Müêü Dead Market Grid waiting for range info,0.06428299733739049,0.16070749334347623,0.03214149866869524,0.9081243629328541,0.011012858063071824,4.55163811006377e-08,,,False,,0.0,,90802.95,50.0,50.0,50.0,90802.95,90802.95,90802.95,CONSOLIDATION,True,0.02566654531054362,8.51727060803316e-05,-4.807745308395877e-16,,0.0,0.0
2025-11-30T12:53:27.435596,MUP_DIRECTIONAL_LONG,direction_probe_long,Direction probe already holding position,HOLD,Direction probe already holding position,0.06428299733739049,0.16070749334347623,0.03214149866869524,0.9081243629328541,0.011012858063071824,4.55163811006377e-08,,,False,,0.0,,90802.95,50.0,50.0,50.0,90802.95,90802.95,90802.95,CONSOLIDATION,True,0.02566654531054362,8.51727060803316e-05,-4.807745308395877e-16,,0.0,0.0
2025-11-30T12:53:27.436639,MDOWN_DIRECTIONAL_SHORT,direction_probe_short,Direction probe already holding position,HOLD,Direction probe already holding position,0.06428299733739049,0.16070749334347623,0.03214149866869524,0.9081243629328541,0.011012858063071824,4.55163811006377e-08,,,False,,0.0,,90802.95,50.0,50.0,50.0,90802.95,90802.95,90802.95,CONSOLIDATION,True,0.02566654531054362,8.51727060803316e-05,-4.807745308395877e-16,,0.0,0.0
2025-11-30T12:53:27.437303,M_AI_WHALE_HUNTER,ai_whale_hunter,M_AI_WHALE_HUNTER Error: unsupported operand type(s) for +: 'int' and 'NoneType',HOLD,M_AI_WHALE_HUNTER Error: unsupported operand type(s) for +: 'int' and 'NoneType',0.06428299733739049,0.16070749334347623,0.03214149866869524,0.9081243629328541,0.011012858063071824,4.55163811006377e-08,,,False,,0.0,,90802.95,50.0,50.0,50.0,90802.95,90802.95,90802.95,CONSOLIDATION,True,0.02566654531054362,8.51727060803316e-05,-4.807745308395877e-16,,0.0,0.0
2025-11-30T12:53:27.437594,M_INVERSE_WOLF,ai_whale_hunter,M_INVERSE_WOLF Error: unsupported operand type(s) for +: 'int' and 'NoneType',HOLD,M_INVERSE_WOLF Error: unsupported operand type(s) for +: 'int' and 'NoneType',0.06428299733739049,0.16070749334347623,0.03214149866869524,0.9081243629328541,0.011012858063071824,4.55163811006377e-08,,,False,,0.0,,90802.95,50.0,50.0,50.0,90802.95,90802.95,90802.95,CONSOLIDATION,True,0.02566654531054362,8.51727060803316e-05,-4.807745308395877e-16,,0.0,0.0
2025-11-30T12:53:32.449300,M_FISH_MARKET_MAKER,reversion,Müêü Dead Market Grid waiting for range info,HOLD,Müêü Dead Market Grid waiting for range info,0.020569764266860753,-0.05142441066715188,-0.010284882133430377,0.8989138448919587,0.011012858063071824,1.7207590818703016e-08,,,False,,0.0,,90802.95,50.0,50.0,50.0,90802.95,90802.95,90802.95,CONSOLIDATION,True,0.0077095949764279135,5.493808190762541e-05,-4.807745308395877e-16,,0.0,0.0
2025-11-30T12:53:32.449568,MUP_DIRECTIONAL_LONG,direction_probe_long,Direction probe already holding position,HOLD,Direction probe already holding position,0.020569764266860753,-0.05142441066715188,-0.010284882133430377,0.8989138448919587,0.011012858063071824,1.7207590818703016e-08,,,False,,0.0,,90802.95,50.0,50.0,50.0,90802.95,90802.95,90802.95,CONSOLIDATION,True,0.0077095949764279135,5.493808190762541e-05,-4.807745308395877e-16,,0.0,0.0
2025-11-30T12:53:32.449720,MDOWN_DIRECTIONAL_SHORT,direction_probe_short,Direction probe already holding position,HOLD,Direction probe already holding position,0.020569764266860753,-0.05142441066715188,-0.010284882133430377,0.8989138448919587,0.011012858063071824,1.7207590818703016e-08,,,False,,0.0,,90802.95,50.0,50.0,50.0,90802.95,90802.95,90802.95,CONSOLIDATION,True,0.0077095949764279135,5.493808190762541e-05,-4.807745308395877e-16,,0.0,0.0
2025-11-30T12:53:32.449970,M_AI_WHALE_HUNTER,ai_whale_hunter,M_AI_WHALE_HUNTER Error: unsupported operand type(s) for +: 'int' and 'NoneType',HOLD,M_AI_WHALE_HUNTER Error: unsupported operand type(s) for +: 'int' and 'NoneType',0.020569764266860753,-0.05142441066715188,-0.010284882133430377,0.8989138448919587,0.011012858063071824,1.7207590818703016e-08,,,False,,0.0,,90802.95,50.0,50.0,50.0,90802.95,90802.95,90802.95,CONSOLIDATION,True,0.0077095949764279135,5.493808190762541e-05,-4.807745308395877e-16,,0.0,0.0
2025-11-30T12:53:32.450156,M_INVERSE_WOLF,ai_whale_hunter,M_INVERSE_WOLF Error: unsupported operand type(s) for +: 'int' and 'NoneType',HOLD,M_INVERSE_WOLF Error: unsupported operand type(s) for +: 'int' and 'NoneType',0.020569764266860753,-0.05142441066715188,-0.010284882133430377,0.8989138448919587,0.011012858063071824,1.7207590818703016e-08,,,False,,0.0,,90802.95,50.0,50.0,50.0,90802.95,90802.95,90802.95,CONSOLIDATION,True,0.0077095949764279135,5.493808190762541e-05,-4.807745308395877e-16,,0.0,0.0
2025-11-30T12:53:37.457281,M_FISH_MARKET_MAKER,reversion,Müêü Dead Market Grid waiting for range info,HOLD,Müêü Dead Market Grid waiting for range info,0.07743299068114125,0.1935824767028531,0.038716495340570624,0.8957888481183804,0.011012858063071824,3.522987234934589e-08,,,False,,0.0,,90802.95,50.0,50.0,50.0,90802.95,90802.95,90802.95,CONSOLIDATION,True,0.0,0.0,-4.807745308395877e-16,,0.0,0.0
2025-11-30T12:53:37.457502,MUP_DIRECTIONAL_LONG,direction_probe_long,Direction probe already holding position,HOLD,Direction probe already holding position,0.07743299068114125,0.1935824767028531,0.038716495340570624,0.8957888481183804,0.011012858063071824,3.522987234934589e-08,,,False,,0.0,,90802.95,50.0,50.0,50.0,90802.95,90802.95,90802.95,CONSOLIDATION,True,0.0,0.0,-4.807745308395877e-16,,0.0,0.0
2025-11-30T12:53:37.457584,MDOWN_DIRECTIONAL_SHORT,direction_probe_short,Direction probe already holding position,HOLD,Direction probe already holding position,0.07743299068114125,0.1935824767028531,0.038716495340570624,0.8957888481183804,0.011012858063071824,3.522987234934589e-08,,,False,,0.0,,90802.95,50.0,50.0,50.0,90802.95,90802.95,90802.95,CONSOLIDATION,True,0.0,0.0,-4.807745308395877e-16,,0.0,0.0
2025-11-30T12:53:37.457750,M_AI_WHALE_HUNTER,ai_whale_hunter,M_AI_WHALE_HUNTER Error: unsupported operand type(s) for +: 'int' and 'NoneType',HOLD,M_AI_WHALE_HUNTER Error: unsupported operand type(s) for +: 'int' and 'NoneType',0.07743299068114125,0.1935824767028531,0.038716495340570624,0.8957888481183804,0.011012858063071824,3.522987234934589e-08,,,False,,0.0,,90802.95,50.0,50.0,50.0,90802.95,90802.95,90802.95,CONSOLIDATION,True,0.0,0.0,-4.807745308395877e-16,,0.0,0.0
2025-11-30T12:53:37.457871,M_INVERSE_WOLF,ai_whale_hunter,M_INVERSE_WOLF Error: unsupported operand type(s) for +: 'int' and 'NoneType',HOLD,M_INVERSE_WOLF Error: unsupported operand type(s) for +: 'int' and 'NoneType',0.07743299068114125,0.1935824767028531,0.038716495340570624,0.8957888481183804,0.011012858063071824,3.522987234934589e-08,,,False,,0.0,,90802.95,50.0,50.0,50.0,90802.95,90802.95,90802.95,CONSOLIDATION,True,0.0,0.0,-4.807745308395877e-16,,0.0,0.0
2025-11-30T12:53:42.469918,M_FISH_MARKET_MAKER,reversion,Müêü Dead Market Grid waiting for range info,HOLD,Müêü Dead Market Grid waiting for range info,0.6871634191716438,-1.7179085479291096,-0.3435817095858219,0.8740867069322832,0.011012858063071824,-1.8950471250208856e-07,,,False,,0.0,,90802.95,50.0,50.0,50.0,90802.95,90802.95,90802.95,CONSOLIDATION,True,0.0,0.0,-4.807745308395877e-16,,0.0,8.888888888888888
2025-11-30T12:53:42.470680,MUP_DIRECTIONAL_LONG,direction_probe_long,Direction probe already holding position,HOLD,Direction probe already holding position,0.6871634191716438,-1.7179085479291096,-0.3435817095858219,0.8740867069322832,0.011012858063071824,-1.8950471250208856e-07,,,False,,0.0,,90802.95,50.0,50.0,50.0,90802.95,90802.95,90802.95,CONSOLIDATION,True,0.0,0.0,-4.807745308395877e-16,,0.0,8.888888888888888
2025-11-30T12:53:42.471347,MDOWN_DIRECTIONAL_SHORT,direction_probe_short,Direction probe already holding position,HOLD,Direction probe already holding position,0.6871634191716438,-1.7179085479291096,-0.3435817095858219,0.8740867069322832,0.011012858063071824,-1.8950471250208856e-07,,,False,,0.0,,90802.95,50.0,50.0,50.0,90802.95,90802.95,90802.95,CONSOLIDATION,True,0.0,0.0,-4.807745308395877e-16,,0.0,8.888888888888888
2025-11-30T12:53:42.471755,M_AI_WHALE_HUNTER,ai_whale_hunter,M_AI_WHALE_HUNTER Error: unsupported operand type(s) for +: 'int' and 'NoneType',HOLD,M_AI_WHALE_HUNTER Error: unsupported operand type(s) for +: 'int' and 'NoneType',0.6871634191716438,-1.7179085479291096,-0.3435817095858219,0.8740867069322832,0.011012858063071824,-1.8950471250208856e-07,,,False,,0.0,,90802.95,50.0,50.0,50.0,90802.95,90802.95,90802.95,CONSOLIDATION,True,0.0,0.0,-4.807745308395877e-16,,0.0,8.888888888888888
2025-11-30T12:53:42.471973,M_INVERSE_WOLF,ai_whale_hunter,M_INVERSE_WOLF Error: unsupported operand type(s) for +: 'int' and 'NoneType',HOLD,M_INVERSE_WOLF Error: unsupported operand type(s) for +: 'int' and 'NoneType',0.6871634191716438,-1.7179085479291096,-0.3435817095858219,0.8740867069322832,0.011012858063071824,-1.8950471250208856e-07,,,False,,0.0,,90802.95,50.0,50.0,50.0,90802.95,90802.95,90802.95,CONSOLIDATION,True,0.0,0.0,-4.807745308395877e-16,,0.0,8.888888888888888
2025-11-30T12:53:47.479479,M_FISH_MARKET_MAKER,reversion,Müêü Dead Market Grid waiting for range info,HOLD,Müêü Dead Market Grid waiting for range info,1.7602151914948123,-4.400537978737031,-0.8801075957474062,0.8736829379851528,0.011013694979662746,-5.343320575145123e-07,,,False,,0.0,,90796.05,50.0,50.0,50.0,90796.05,90796.05,90796.05,CONSOLIDATION,True,-0.007598872063070836,4.8741951534114116e-05,4.808110670574388e-16,,0.0,1.0
2025-11-30T12:53:47.479713,MUP_DIRECTIONAL_LONG,direction_probe_long,Direction probe already holding position,HOLD,Direction probe already holding position,1.7602151914948123,-4.400537978737031,-0.8801075957474062,0.8736829379851528,0.011013694979662746,-5.343320575145123e-07,,,False,,0.0,,90796.05,50.0,50.0,50.0,90796.05,90796.05,90796.05,CONSOLIDATION,True,-0.007598872063070836,4.8741951534114116e-05,4.808110670574388e-16,,0.0,1.0
2025-11-30T12:53:47.480118,MDOWN_DIRECTIONAL_SHORT,direction_probe_short,Direction probe already holding position,HOLD,Direction probe already holding position,1.7602151914948123,-4.400537978737031,-0.8801075957474062,0.8736829379851528,0.011013694979662746,-5.343320575145123e-07,,,False,,0.0,,90796.05,50.0,50.0,50.0,90796.05,90796.05,90796.05,CONSOLIDATION,True,-0.007598872063070836,4.8741951534114116e-05,4.808110670574388e-16,,0.0,1.0
2025-11-30T12:53:47.480282,M_AI_WHALE_HUNTER,ai_whale_hunter,M_AI_WHALE_HUNTER Error: unsupported operand type(s) for +: 'int' and 'NoneType',HOLD,M_AI_WHALE_HUNTER Error: unsupported operand type(s) for +: 'int' and 'NoneType',1.7602151914948123,-4.400537978737031,-0.8801075957474062,0.8736829379851528,0.011013694979662746,-5.343320575145123e-07,,,False,,0.0,,90796.05,50.0,50.0,50.0,90796.05,90796.05,90796.05,CONSOLIDATION,True,-0.007598872063070836,4.8741951534114116e-05,4.808110670574388e-16,,0.0,1.0
2025-11-30T12:53:47.480397,M_INVERSE_WOLF,ai_whale_hunter,M_INVERSE_WOLF Error: unsupported operand type(s) for +: 'int' and 'NoneType',HOLD,M_INVERSE_WOLF Error: unsupported operand type(s) for +: 'int' and 'NoneType',1.7602151914948123,-4.400537978737031,-0.8801075957474062,0.8736829379851528,0.011013694979662746,-5.343320575145123e-07,,,False,,0.0,,90796.05,50.0,50.0,50.0,90796.05,90796.05,90796.05,CONSOLIDATION,True,-0.007598872063070836,4.8741951534114116e-05,4.808110670574388e-16,,0.0,1.0
2025-11-30T12:53:52.496568,M_FISH_MARKET_MAKER,reversion,Müêü Dead Market Grid waiting for range info,HOLD,Müêü Dead Market Grid waiting for range info,0.9744764814461204,-2.436191203615301,-0.4872382407230602,0.863643162845084,0.011013694979662746,-3.2510493607762737e-07,,,False,,0.0,,90796.05,50.0,50.0,50.0,90796.05,90796.05,90796.05,CONSOLIDATION,True,-0.007598872063070836,4.797795076678362e-05,4.808110670574388e-16,,0.0,0.0
2025-11-30T12:53:52.497291,MUP_DIRECTIONAL_LONG,direction_probe_long,Direction probe already holding position,HOLD,Direction probe already holding position,0.9744764814461204,-2.436191203615301,-0.4872382407230602,0.863643162845084,0.011013694979662746,-3.2510493607762737e-07,,,False,,0.0,,90796.05,50.0,50.0,50.0,90796.05,90796.05,90796.05,CONSOLIDATION,True,-0.007598872063070836,4.797795076678362e-05,4.808110670574388e-16,,0.0,0.0
2025-11-30T12:53:52.498011,MDOWN_DIRECTIONAL_SHORT,direction_probe_short,Direction probe already holding position,HOLD,Direction probe already holding position,0.9744764814461204,-2.436191203615301,-0.4872382407230602,0.863643162845084,0.011013694979662746,-3.2510493607762737e-07,,,False,,0.0,,90796.05,50.0,50.0,50.0,90796.05,90796.05,90796.05,CONSOLIDATION,True,-0.007598872063070836,4.797795076678362e-05,4.808110670574388e-16,,0.0,0.0
2025-11-30T12:53:52.498461,M_AI_WHALE_HUNTER,ai_whale_hunter,M_AI_WHALE_HUNTER Error: unsupported operand type(s) for +: 'int' and 'NoneType',HOLD,M_AI_WHALE_HUNTER Error: unsupported operand type(s) for +: 'int' and 'NoneType',0.9744764814461204,-2.436191203615301,-0.4872382407230602,0.863643162845084,0.011013694979662746,-3.2510493607762737e-07,,,False,,0.0,,90796.05,50.0,50.0,50.0,90796.05,90796.05,90796.05,CONSOLIDATION,True,-0.007598872063070836,4.797795076678362e-05,4.808110670574388e-16,,0.0,0.0
2025-11-30T12:53:52.498724,M_INVERSE_WOLF,ai_whale_hunter,M_INVERSE_WOLF Error: unsupported operand type(s) for +: 'int' and 'NoneType',HOLD,M_INVERSE_WOLF Error: unsupported operand type(s) for +: 'int' and 'NoneType',0.9744764814461204,-2.436191203615301,-0.4872382407230602,0.863643162845084,0.011013694979662746,-3.2510493607762737e-07,,,False,,0.0,,90796.05,50.0,50.0,50.0,90796.05,90796.05,90796.05,CONSOLIDATION,True,-0.007598872063070836,4.797795076678362e-05,4.808110670574388e-16,,0.0,0.0
2025-11-30T12:53:57.511851,M_FISH_MARKET_MAKER,reversion,Müêü Dead Market Grid waiting for range info,HOLD,Müêü Dead Market Grid waiting for range info,0.9666926880041635,-2.416731720010409,-0.48334634400208176,0.8594765003850352,0.011013694979662746,-3.113214922025985e-07,,,False,,0.0,,90796.05,50.0,50.0,50.0,90796.05,90796.05,90796.05,CONSOLIDATION,True,-0.007598872063070836,4.79563383529056e-05,4.808110670574388e-16,,0.0,0.0
2025-11-30T12:53:57.512427,MUP_DIRECTIONAL_LONG,direction_probe_long,Direction probe already holding position,HOLD,Direction probe already holding position,0.9666926880041635,-2.416731720010409,-0.48334634400208176,0.8594765003850352,0.011013694979662746,-3.113214922025985e-07,,,False,,0.0,,90796.05,50.0,50.0,50.0,90796.05,90796.05,90796.05,CONSOLIDATION,True,-0.007598872063070836,4.79563383529056e-05,4.808110670574388e-16,,0.0,0.0
2025-11-30T12:53:57.513102,MDOWN_DIRECTIONAL_SHORT,direction_probe_short,Direction probe already holding position,HOLD,Direction probe already holding position,0.9666926880041635,-2.416731720010409,-0.48334634400208176,0.8594765003850352,0.011013694979662746,-3.113214922025985e-07,,,False,,0.0,,90796.05,50.0,50.0,50.0,90796.05,90796.05,90796.05,CONSOLIDATION,True,-0.007598872063070836,4.79563383529056e-05,4.808110670574388e-16,,0.0,0.0
2025-11-30T12:53:57.513430,M_AI_WHALE_HUNTER,ai_whale_hunter,M_AI_WHALE_HUNTER Error: unsupported operand type(s) for +: 'int' and 'NoneType',HOLD,M_AI_WHALE_HUNTER Error: unsupported operand type(s) for +: 'int' and 'NoneType',0.9666926880041635,-2.416731720010409,-0.48334634400208176,0.8594765003850352,0.011013694979662746,-3.113214922025985e-07,,,False,,0.0,,90796.05,50.0,50.0,50.0,90796.05,90796.05,90796.05,CONSOLIDATION,True,-0.007598872063070836,4.79563383529056e-05,4.808110670574388e-16,,0.0,0.0
2025-11-30T12:53:57.513621,M_INVERSE_WOLF,ai_whale_hunter,M_INVERSE_WOLF Error: unsupported operand type(s) for +: 'int' and 'NoneType',HOLD,M_INVERSE_WOLF Error: unsupported operand type(s) for +: 'int' and 'NoneType',0.9666926880041635,-2.416731720010409,-0.48334634400208176,0.8594765003850352,0.011013694979662746,-3.113214922025985e-07,,,False,,0.0,,90796.05,50.0,50.0,50.0,90796.05,90796.05,90796.05,CONSOLIDATION,True,-0.007598872063070836,4.79563383529056e-05,4.808110670574388e-16,,0.0,0.0
2025-11-30T12:54:02.520457,M_FISH_MARKET_MAKER,reversion,Müêü Dead Market Grid waiting for range info,HOLD,Müêü Dead Market Grid waiting for range info,0.16913946587537093,0.4228486646884273,0.08456973293768547,0.8594765003850352,0.011013694979662746,-7.478111774515394e-08,,,False,,0.0,,90796.05,50.0,50.0,50.0,90796.05,90796.05,90796.05,CONSOLIDATION,True,-0.007598872063070836,4.675070199257501e-05,4.808110670574388e-16,,0.0,0.0
2025-11-30T12:54:02.520740,MUP_DIRECTIONAL_LONG,direction_probe_long,Direction probe already holding position,HOLD,Direction probe already holding position,0.16913946587537093,0.4228486646884273,0.08456973293768547,0.8594765003850352,0.011013694979662746,-7.478111774515394e-08,,,False,,0.0,,90796.05,50.0,50.0,50.0,90796.05,90796.05,90796.05,CONSOLIDATION,True,-0.007598872063070836,4.675070199257501e-05,4.808110670574388e-16,,0.0,0.0
2025-11-30T12:54:02.521186,MDOWN_DIRECTIONAL_SHORT,direction_probe_short,Direction probe already holding position,HOLD,Direction probe already holding position,0.16913946587537093,0.4228486646884273,0.08456973293768547,0.8594765003850352,0.011013694979662746,-7.478111774515394e-08,,,False,,0.0,,90796.05,50.0,50.0,50.0,90796.05,90796.05,90796.05,CONSOLIDATION,True,-0.007598872063070836,4.675070199257501e-05,4.808110670574388e-16,,0.0,0.0
2025-11-30T12:54:02.521423,M_AI_WHALE_HUNTER,ai_whale_hunter,M_AI_WHALE_HUNTER Error: unsupported operand type(s) for +: 'int' and 'NoneType',HOLD,M_AI_WHALE_HUNTER Error: unsupported operand type(s) for +: 'int' and 'NoneType',0.16913946587537093,0.4228486646884273,0.08456973293768547,0.8594765003850352,0.011013694979662746,-7.478111774515394e-08,,,False,,0.0,,90796.05,50.0,50.0,50.0,90796.05,90796.05,90796.05,CONSOLIDATION,True,-0.007598872063070836,4.675070199257501e-05,4.808110670574388e-16,,0.0,0.0
2025-11-30T12:54:02.521574,M_INVERSE_WOLF,ai_whale_hunter,M_INVERSE_WOLF Error: unsupported operand type(s) for +: 'int' and 'NoneType',HOLD,M_INVERSE_WOLF Error: unsupported operand type(s) for +: 'int' and 'NoneType',0.16913946587537093,0.4228486646884273,0.08456973293768547,0.8594765003850352,0.011013694979662746,-7.478111774515394e-08,,,False,,0.0,,90796.05,50.0,50.0,50.0,90796.05,90796.05,90796.05,CONSOLIDATION,True,-0.007598872063070836,4.675070199257501e-05,4.808110670574388e-16,,0.0,0.0
